email,password
sean_schaden37@gmail.com,gahosipe
gerald.hoppe77@gmail.com,qiqozume
miss.jenkins19@yahoo.com,vanoyoxi
dawn.russel52@yahoo.com,lucaneda
mathew_runolfsson38@yahoo.com,sayemoxo
virginia_waters34@yahoo.com,xunukesa
ms.jacobson26@hotmail.com,ricujayo
timmy.ii@gmail.com,jamemuba
dr.satterfield14@gmail.com,mirawewa
kelly.carter@hotmail.com,sorepuxi
darrel.lebsack29@hotmail.com,zoleviki
melinda.phd10@yahoo.com,zoluquhe
paul.ii@hotmail.com,wusoxige
jeremiah_pagac@gmail.com,hixuluso
mrs.hagenes28@yahoo.com,bubelagi
warren.rice64@hotmail.com,gayeqemo
eloise.bartell97@hotmail.com,jegemaci
mr.yost@gmail.com,qagoyebi
mario_dietrich@gmail.com,domamawe
mr.larkin@yahoo.com,jeqemori
ruben.hirthe41@gmail.com,waxinisi
darren.cartwright33@hotmail.com,qesuwuqu
ethel_renner36@hotmail.com,xiceniku
priscilla.jenkins@hotmail.com,tilapivo
derrick_rohan-strosin91@hotmail.com,liwesawe
leticia_doyle79@hotmail.com,yoxumoli
iris.borer@hotmail.com,vatovona
clark_block@yahoo.com,werejidi
barry_okon@gmail.com,lefopuma
joanne.miller@hotmail.com,sejeqeza
alexandra.abbott19@yahoo.com,zabalofi
cesar_leuschke67@hotmail.com,rohipuci
ervin_metz@yahoo.com,xemaxixu
joseph_i@gmail.com,vezufehi
amber_bartoletti11@hotmail.com,medevapu
christie.konopelski@gmail.com,manulile
toni_considine-borer41@gmail.com,majuqebi
ramon.corkery42@hotmail.com,mayewugu
ronald_boehm13@yahoo.com,fimuwole
darryl_nolan@hotmail.com,coyicije
bradley_jacobson9@yahoo.com,yokutaji
nathan.schroeder-denesik25@gmail.com,lejidazo
rosie.botsford@gmail.com,fibubali
willie.okuneva76@hotmail.com,cidubale
kim.kutch@yahoo.com,tomejime
stuart_schmeler40@gmail.com,sukehiki
annette.nitzsche99@gmail.com,nuvuwohi
dr.heidenreich51@yahoo.com,xetavawi
dr.crona@yahoo.com,cedefuci
ramon.powlowski@hotmail.com,yipupuja